[
    {
        "name": "拷贝漫画",
        "fileName": "copy_manga.js",
        "key": "copy_manga",
        "version": "1.3.8"
    },
    {
        "name": "Komiic",
        "fileName": "komiic.js",
        "key": "Komiic",
        "version": "1.0.2"
    },
    {
        "name": "包子漫画",
        "fileName": "baozi.js",
        "key": "baozi",
        "version": "1.1.0"
    },
    {
        "name": "Picacg",
        "fileName": "picacg.js",
        "key": "picacg",
        "version": "1.0.5"
    },
    {
        "name": "nhentai",
        "fileName": "nhentai.js",
        "key": "nhentai",
        "version": "1.0.6"
    },
    {
        "name": "紳士漫畫",
        "fileName": "wnacg.js",
        "key": "wnacg",
        "version": "1.0.2",
        "description": "紳士漫畫漫畫源, 不能使用時請嘗試更換URL"
    },
    {
        "name": "ehentai",
        "fileName": "ehentai.js",
        "key": "ehentai",
        "version": "1.1.4"
    },
    {
        "name": "禁漫天堂",
        "fileName": "jm.js",
        "key": "jm",
        "version": "1.3.0",
        "description": "禁漫天堂漫畫源, 不能使用時請嘗試切換分流"
    },
    {
        "name": "MangaDex",
        "fileName": "manga_dex.js",
        "key": "manga_dex",
        "version": "1.0.0",
        "description": "Account feature is not supported yet."
    },
    {
        "name": "爱看漫",
        "fileName": "ikmmh.js",
        "key": "ikmmh",
        "version": "1.0.5"
    },
    {
        "name": "少年ジャンプ＋",
        "fileName": "shonen_jump_plus.js",
        "key": "shonen_jump_plus",
        "version": "1.1.0"
    },
    {
        "name": "hitomi.la",
        "fileName": "hitomi.js",
        "key": "hitomi",
        "version": "1.1.2"
    },
    {
        "name": "comick",
        "fileName": "comick.js",
        "key": "comick",
        "version": "1.1.1"
    },
    {
        "name": "优酷漫画",
        "fileName": "ykmh.js",
        "key": "ykmh",
        "version": "1.0.0"
    },
    {
        "name": "再漫画",
        "fileName": "zaimanhua.js",
        "key": "zaimanhua",
        "version": "1.0.1"
    },
    {
      "name": "漫画柜",
      "fileName": "manhuagui.js",
      "key": "ManHuaGui",
      "version": "1.1.0"
    },
    {
      "name": "优酷漫画",
      "fileName": "ykmh.js",
      "key": "ykmh",
      "version": "1.0.0"
    },
    {
        "name": "漫蛙吧",
        "fileName": "manwaba.js",
        "key": "manwaba",
        "version": "1.0.0"
    },
    {
        "name": "Lanraragi",
        "fileName": "lanraragi.js",
        "key": "lanraragi",
        "version": "1.1.0"
    }
]
